Link,Title,Location,Company
https://www.saramin.co.kr/zf_user/jobs/relay/view?isMypage=no&rec_idx=48066828,[가산동/주5일] 명품이커머스/ 웹 프론트엔드 개발자 채용,서울금천구,(주)비씨디코퍼레이션
https://www.saramin.co.kr/zf_user/jobs/relay/view?isMypage=no&rec_idx=48124938,[패션기업] 비케이브 IT팀 부문별 경력직 채용,서울마포구,(주)비케이브
https://www.saramin.co.kr/zf_user/jobs/relay/view?isMypage=no&rec_idx=48405985,[2차전지 제조업체] (주)갑진 선행연구팀 엔지니어 모집,경기수원시 권선구,(주)갑진
https://www.saramin.co.kr/zf_user/jobs/relay/view?isMypage=no&rec_idx=48339752,[쿠팡CFS] EHS Business Analyst 계약직 채용(육휴대체),서울송파구,쿠팡풀필먼트서비스(유)
https://www.saramin.co.kr/zf_user/jobs/relay/view?isMypage=no&rec_idx=45922967,주니어 데브옵스 엔지니어(DevOps Engineer),서울서초구,(주)와탭랩스
https://www.saramin.co.kr/zf_user/jobs/relay/view?isMypage=no&rec_idx=48190805,[신입/경력] 핀테크 웹 개발자 모집,경기과천시,(주)웨인테크놀로지
https://www.saramin.co.kr/zf_user/jobs/relay/view?isMypage=no&rec_idx=48351925,[쿠팡CFS] Web Service/Mobile App 개발,서울송파구,쿠팡풀필먼트서비스(유)
https://www.saramin.co.kr/zf_user/jobs/relay/view?isMypage=no&rec_idx=48409199,(주)브링코 일상상점 서비스 웹 개발자를 찾습니다.,서울강서구,(주)브링코
https://www.saramin.co.kr/zf_user/jobs/relay/view?isMypage=no&rec_idx=48311303,"[쿠팡CFS] 물류 자동화 로봇(AGV,AMR) S/W 엔지니어",대구달성군,쿠팡풀필먼트서비스(유)
https://www.saramin.co.kr/zf_user/jobs/relay/view?isMypage=no&rec_idx=48364636,경영지원 데이터분석 개발팀원 채용,서울송파구,다산팩 주식회사
https://www.saramin.co.kr/zf_user/jobs/relay/view?isMypage=no&rec_idx=48232631,[AI 전문기업 덴컴] 인프라 및 보안 담당자 채용,서울강남구,(주)덴컴
https://www.saramin.co.kr/zf_user/jobs/relay/view?isMypage=no&rec_idx=48127141,"[혹한기 속, 200억 투자유치] 패스오더 '그로스마케터'를 찾아요",서울전체,(주)페이타랩
https://www.saramin.co.kr/zf_user/jobs/relay/view?isMypage=no&rec_idx=48376292,(주)세오 로봇부설연구소 연구원 모집,경기안양시 동안구,주식회사 세오
https://www.saramin.co.kr/zf_user/jobs/relay/view?isMypage=no&rec_idx=48392288,실시간 데이터 통신 및 데이터 처리 개발자 모집,부산해운대구,(주)아이오티플렉스
https://www.saramin.co.kr/zf_user/jobs/relay/view?isMypage=no&rec_idx=48243526,클라우드 SA 신입/경력사원 영입,서울구로구,디딤365(주)
https://www.saramin.co.kr/zf_user/jobs/relay/view?isMypage=no&rec_idx=48227852,Cloud본부 java 개발자 채용 (경력),서울서초구,스트라토
https://www.saramin.co.kr/zf_user/jobs/relay/view?isMypage=no&rec_idx=48287408,인프라 운영 관리( 시스템 엔지니어 ) #유연근무#정규직#선릉역,서울강남구,(주)메일플러그
https://www.saramin.co.kr/zf_user/jobs/relay/view?isMypage=no&rec_idx=48289527,"인공지능 빅데이터 개발자 / 정규직 / 경력 - 대리, 과장",서울강남구,(주)스톤인테그리티
https://www.saramin.co.kr/zf_user/jobs/relay/view?isMypage=no&rec_idx=48280295,##긴급##[세미콜론즈] 2024년 SW기획자(PM) 모집,부산금정구,(주)세미콜론즈
https://www.saramin.co.kr/zf_user/jobs/relay/view?isMypage=no&rec_idx=48346393,IT 지원 채용,서울구로구,디딤365(주)
https://www.saramin.co.kr/zf_user/jobs/relay/view?isMypage=no&rec_idx=48036276,[274만명이 선택한 앱 패스오더] '백엔드 개발자'를 찾아요,서울강남구,(주)페이타랩
https://www.saramin.co.kr/zf_user/jobs/relay/view?isMypage=no&rec_idx=48034941,"프론트엔드, 풀스택 개발자 채용 - 정규직",서울성동구,프로마션스(주)
https://www.saramin.co.kr/zf_user/jobs/relay/view?isMypage=no&rec_idx=48102283,스쿨버스 백엔드 개발자 / 클라(Flutter) 개발자(경력1년 이상),서울강서구,(주)스쿨버스
https://www.saramin.co.kr/zf_user/jobs/relay/view?isMypage=no&rec_idx=48343508,"빅데이터 분석, AI (머신러닝,딥러닝) 가능한 팀원을 충원합니다",경기김포시,(주)연합시스템
https://www.saramin.co.kr/zf_user/jobs/relay/view?isMypage=no&rec_idx=48359514,[한패스(주)] 경영관리실/데이터마케팅본부 상반기 수시채용,서울성동구,한패스(주)
https://www.saramin.co.kr/zf_user/jobs/relay/view?isMypage=no&rec_idx=48097415,마크클라우드 솔루션 개발자 채용 (신입 / 경력),서울강남구,(주)마크클라우드
https://www.saramin.co.kr/zf_user/jobs/relay/view?isMypage=no&rec_idx=48386053,LLM 앱 개발 엔지니어 채용,서울구로구,디딤365(주)
https://www.saramin.co.kr/zf_user/jobs/relay/view?isMypage=no&rec_idx=48244889,[현대차그룹 SPIN-OFF] 자율주행 Localization And Perception 정규직 채용,경기수원시 영통구,모빈(주)
https://www.saramin.co.kr/zf_user/jobs/relay/view?isMypage=no&rec_idx=48382972,[신비앤텍] 전기차 충전기 웹/앱 개발 채용,서울금천구,신비앤텍(주)
https://www.saramin.co.kr/zf_user/jobs/relay/view?isMypage=no&rec_idx=48369864,[아그모] SW 개발직군 경력직 모집,서울서초구,(주)아그모
https://www.saramin.co.kr/zf_user/jobs/relay/view?isMypage=no&rec_idx=48404823,[삼우이머션] 백엔드 개발자 정규직 구인,부산동구,(주)삼우이머션
https://www.saramin.co.kr/zf_user/jobs/relay/view?isMypage=no&rec_idx=48410065,[INEEJI] (주)인이지 데이터분석/AI엔지니어(프리랜서) 채용,서울서초구,(주)인이지
https://www.saramin.co.kr/zf_user/jobs/relay/view?isMypage=no&rec_idx=48327422,인공지능 연구개발 담당자 모집 신입/경력 채용,서울강남구,이모션웨이브(주)
https://www.saramin.co.kr/zf_user/jobs/relay/view?isMypage=no&rec_idx=48342851,(주)마음AI 풀스택 (백엔드 / 프론트엔드) 개발자 채용,경기성남시 수정구,(주)마음에이아이
https://www.saramin.co.kr/zf_user/jobs/relay/view?isMypage=no&rec_idx=48082976,[부산서면] 365mc 의료 Data AI 사이언티스트 채용 (신입가능),부산부산진구,(주)삼육오엠씨네트웍스
https://www.saramin.co.kr/zf_user/jobs/relay/view?isMypage=no&rec_idx=48301904,[오픈메이트] 데이터 분석분야 신입/경력 인재 모집,서울중구,(주)오픈메이트
https://www.saramin.co.kr/zf_user/jobs/relay/view?isMypage=no&rec_idx=48251080,[한화에어로스페이스-빅데이터 선도기업] 스마트 데이터 분석과정 교육생 모집,서울서대문구,에이콘아카데미 홍대학원
https://www.saramin.co.kr/zf_user/jobs/relay/view?isMypage=no&rec_idx=48042866,(주)대건소프트 서버/프론트엔드 개발자 신입 채용,대전유성구,(주)대건소프트
https://www.saramin.co.kr/zf_user/jobs/relay/view?isMypage=no&rec_idx=48343967,인공지능팀 AI 연구원 모집,인천연수구,그래디언트 바이오컨버전스
https://www.saramin.co.kr/zf_user/jobs/relay/view?isMypage=no&rec_idx=48368593,"(주)버블콘 개발자, PM/PL, 서비스 기획자 채용",서울구로구,(주)버블콘
https://www.saramin.co.kr/zf_user/jobs/relay/view?isMypage=no&rec_idx=48370832,TYM 각 부문 신입 및 경력사원 모집 (서울/강남),서울강남구,(주)티와이엠
https://www.saramin.co.kr/zf_user/jobs/relay/view?isMypage=no&rec_idx=48374269,각 부문별 신입/경력 채용,서울마포구,블래스트(주)
https://www.saramin.co.kr/zf_user/jobs/relay/view?isMypage=no&rec_idx=48369943,[AI Group] Data 분야 AI/ML 개발자 채용,서울강남구,알파코드 주식회사
https://www.saramin.co.kr/zf_user/jobs/relay/view?isMypage=no&rec_idx=48393076,[CORNERSTONE42] (신입) 데이터 엔지니어 모집,서울송파구,(주)코너스톤42
https://www.saramin.co.kr/zf_user/jobs/relay/view?isMypage=no&rec_idx=48215623,2024년 상반기 각 부문별 신입/경력 모집,경기화성시,(주)트리즈엔지니어링
https://www.saramin.co.kr/zf_user/jobs/relay/view?isMypage=no&rec_idx=47447368,이에이트 신입 및 경력 채용,서울송파구,이에이트(주)
https://www.saramin.co.kr/zf_user/jobs/relay/view?isMypage=no&rec_idx=48418687,2024년 에스피파트너스 하반기 채용 공고,대구동구,(주)에스피파트너스
https://www.saramin.co.kr/zf_user/jobs/relay/view?isMypage=no&rec_idx=48289343,㈜파이버프로 2024년도 부문별 채용공고,대전유성구,(주)파이버프로
https://www.saramin.co.kr/zf_user/jobs/relay/view?isMypage=no&rec_idx=48346011,[아이디어콘서트] 개발자 모집 (전부문),경기성남시 수정구,(주)아이디어콘서트
https://www.saramin.co.kr/zf_user/jobs/relay/view?isMypage=no&rec_idx=48272578,"백엔드 개발자 모집 (C, JAVA) (신입/경력)",서울금천구,(주)셀파소프트
https://www.saramin.co.kr/zf_user/jobs/relay/view?isMypage=no&rec_idx=48358392,앱/웹 개발자 & 백엔드 개발자 각 직군 모집,서울강남구,(주)로그엔코딩
https://www.saramin.co.kr/zf_user/jobs/relay/view?isMypage=no&rec_idx=48407913,[베리타스] IT팀 신입/경력사원 채용,서울서초구,(주)베리타스자산대부
https://www.saramin.co.kr/zf_user/jobs/relay/view?isMypage=no&rec_idx=48357752,2024년 각 부문 경력사원 채용,서울서초구,한국딥러닝(주)
https://www.saramin.co.kr/zf_user/jobs/relay/view?isMypage=no&rec_idx=48392498,실시간 데이터 처리 및 웹 개발자 모집,부산전체,(주)아이오티플렉스
https://www.saramin.co.kr/zf_user/jobs/relay/view?isMypage=no&rec_idx=48308959,[하나금융그룹 자회사] 경력직 수시 채용,서울중구,(주)핀크
https://www.saramin.co.kr/zf_user/jobs/relay/view?isMypage=no&rec_idx=48371321,2024년도 08월 별정직(계약직) 직원 모집,충남천안시,한국자동차연구원
https://www.saramin.co.kr/zf_user/jobs/relay/view?isMypage=no&rec_idx=48287460,[넛지헬스케어] 백엔드개발 채용전환형 인턴,서울강남구,넛지헬스케어(주)
https://www.saramin.co.kr/zf_user/jobs/relay/view?isMypage=no&rec_idx=48206666,"[아정당]백엔드, 프론트엔드, Devops등 개발 전직군 채용",서울강남구,(주)아정네트웍스
https://www.saramin.co.kr/zf_user/jobs/relay/view?isMypage=no&rec_idx=48344305,2024년 바이오빅데이터(유전체) 분석 취업예정자 과정 교육생 모집,경기성남시,(사)한국바이오협회
https://www.saramin.co.kr/zf_user/jobs/relay/view?isMypage=no&rec_idx=48245941,[두산로보틱스] 2024년 R&D 경력직 채용,경기성남시 분당구,두산로보틱스(주)
https://www.saramin.co.kr/zf_user/jobs/relay/view?isMypage=no&rec_idx=48362207,[GOTROOT] 웹 및 모바일 어플리케이션 개발자 모집,서울구로구,갓루트
https://www.saramin.co.kr/zf_user/jobs/relay/view?isMypage=no&rec_idx=48328648,[다이퀘스트] JAVA 및 WEB 개발자 모집,서울송파구,(주)다이퀘스트
https://www.saramin.co.kr/zf_user/jobs/relay/view?isMypage=no&rec_idx=48336562,[시냅스 이미징] 각 부문 신입 / 경력 채용,경기군포시,시냅스이미징(주)
https://www.saramin.co.kr/zf_user/jobs/relay/view?isMypage=no&rec_idx=48347763,[ASML] EUV Technical Support Engineer (이천),경기이천시,에이에스엠엘코리아(유)
https://www.saramin.co.kr/zf_user/jobs/relay/view?isMypage=no&rec_idx=48357456,JAVA 웹 개발자 정규직 신입1명 모집,서울금천구,(주)인디시스템
https://www.saramin.co.kr/zf_user/jobs/relay/view?isMypage=no&rec_idx=47669139,차량SW · ICT · 경영지원 부문 채용,서울강남구,현대오토에버(주)
https://www.saramin.co.kr/zf_user/jobs/relay/view?isMypage=no&rec_idx=48349709,[면접비 지급] 머신비전 영상처리 S/W 개발자 채용(신입/경력),경기화성시,(주)트윔
https://www.saramin.co.kr/zf_user/jobs/relay/view?isMypage=no&rec_idx=48293505,서울아산병원 빅데이터센터 & 정보의학과 연구원 모집,서울송파구,서울아산병원
https://www.saramin.co.kr/zf_user/jobs/relay/view?isMypage=no&rec_idx=48347664,"IT 경력 채용 ""서비스기획/프론트/ 백엔드/데이터엔지니어""",서울강남구,주식회사 리만코리아
https://www.saramin.co.kr/zf_user/jobs/relay/view?isMypage=no&rec_idx=48391955,[더블다운인터액티브] 클라이언트 개발자 모집 (신입/경력),서울강남구,(주)더블다운인터액티브
https://www.saramin.co.kr/zf_user/jobs/relay/view?isMypage=no&rec_idx=48342041,빅데이터 와 인공지능 AI 인턴 개발자 모십니다.,서울금천구,(주)더원테크
https://www.saramin.co.kr/zf_user/jobs/relay/view?isMypage=no&rec_idx=48308342,[허브디앤씨]웹/앱 백엔드 개발 채용,서울강남구,허브디앤씨
https://www.saramin.co.kr/zf_user/jobs/relay/view?isMypage=no&rec_idx=48417672,[위시켓] 개발팀 인턴 매니저를 모십니다.,서울강남구,(주)위시켓
https://www.saramin.co.kr/zf_user/jobs/relay/view?isMypage=no&rec_idx=48123638,[직영] DYB최선어학원 각 부문 STAFF 모집,서울강남구,(주)DYB최선어학원
https://www.saramin.co.kr/zf_user/jobs/relay/view?isMypage=no&rec_idx=48356702,각 부문별 채용 (개발/영업/디자이너/CS),경기성남시 분당구,(주)피타소프트
https://www.saramin.co.kr/zf_user/jobs/relay/view?isMypage=no&rec_idx=48385796,2024-08 체험형 청년인턴 공개채용,대전유성구,국가수리과학연구소
https://www.saramin.co.kr/zf_user/jobs/relay/view?isMypage=no&rec_idx=48277766,[국비무료IT취업 자바/웹앱/프론트·백엔드/풀스택/빅데이터 외,서울전체,(사)한국아이씨티기술협회
https://www.saramin.co.kr/zf_user/jobs/relay/view?isMypage=no&rec_idx=48379822,[㈜테크웨이즈]각 부문별 신입·경력사원 모집(장애인 채용포함),경기용인시 수지구,(주)테크웨이즈
https://www.saramin.co.kr/zf_user/jobs/relay/view?isMypage=no&rec_idx=48405741,아이스크림아트 부문별 - 신입/경력 채용 (B2G 사업기획 및 영업/ 콘텐츠 개발/ 프론트엔드/ 풀스텍/ 백엔드/ 웹개발/ 데브옵스엔지니어/ 서비스기획/ 미술교사),서울강남구,(주)아이스크림아트
https://www.saramin.co.kr/zf_user/jobs/relay/view?isMypage=no&rec_idx=48342120,빅데이터 분석 및 시각화 인턴 개발자 모십니다.,서울금천구,(주)더원테크
https://www.saramin.co.kr/zf_user/jobs/relay/view?isMypage=no&rec_idx=48222922,[인공지능/데이터 분석] 개발자 채용,서울강남구,아타드 주식회사
https://www.saramin.co.kr/zf_user/jobs/relay/view?isMypage=no&rec_idx=48369103,(주)솔리드이엔지 Cloud - 클라우드 기술 신입 및 경력 모집,대전유성구,(주)솔리드이엔지
https://www.saramin.co.kr/zf_user/jobs/relay/view?isMypage=no&rec_idx=48412603,[증권사 정보계 구축] 개발자 모집 (증권사경험 선호),서울영등포구,한국비앤에스시스템(주)
https://www.saramin.co.kr/zf_user/jobs/relay/view?isMypage=no&rec_idx=48154789,[신한은행X더존비즈온] 테크핀레이팅스 웹개발(Back-End),부산해운대구,주식회사 테크핀레이팅스
https://www.saramin.co.kr/zf_user/jobs/relay/view?isMypage=no&rec_idx=48381878,[데이터분석가] Data Analyst 채용,서울강남구,(주)오피앤
https://www.saramin.co.kr/zf_user/jobs/relay/view?isMypage=no&rec_idx=48406527,2024년 소프트웨어 개발자 모집,경기고양시 덕양구,(주)이노씨앤에스
https://www.saramin.co.kr/zf_user/jobs/relay/view?isMypage=no&rec_idx=48325225,함께 일할 신입 및 경력자 모집합니다.,전북전주시 덕진구,알고스
https://www.saramin.co.kr/zf_user/jobs/relay/view?isMypage=no&rec_idx=48414690,프론트엔드 부문 채용,경기하남시,(주)아이디벨
https://www.saramin.co.kr/zf_user/jobs/relay/view?isMypage=no&rec_idx=48265513,2024년도 S/W개발 신입/경력 공개채용,서울금천구,"주식회사오르빛알티(OrbitRTCo.,Ltd.)"
https://www.saramin.co.kr/zf_user/jobs/relay/view?isMypage=no&rec_idx=48400477,[2명 채용] [웹개발] 시스템 응용프로그램 개발자,대구동구,웬스
https://www.saramin.co.kr/zf_user/jobs/relay/view?isMypage=no&rec_idx=48367116,[트랜스코스모스/여의도] 당사 CX개발2부 개발 담당자 Mk3K,서울영등포구,(주)트랜스코스모스코리아
https://www.saramin.co.kr/zf_user/jobs/relay/view?isMypage=no&rec_idx=48363242,"[VPN] 백엔드, 서버 개발자 채용",경기전체,아타드 주식회사
https://www.saramin.co.kr/zf_user/jobs/relay/view?isMypage=no&rec_idx=48314811,Bioinformatics(생물정보) 분석연구원 채용,서울동대문구,주식회사 포튜나헬릭스
https://www.saramin.co.kr/zf_user/jobs/relay/view?isMypage=no&rec_idx=48153503,[쿠팡] 안돈- 품질보증운영팀 데이터지원 담당자 (경력1년이상),서울송파구,쿠팡(주)
https://www.saramin.co.kr/zf_user/jobs/relay/view?isMypage=no&rec_idx=48074735,"IT 웹/서버, 클라우드 프로그램 개발자 모집(신입/경력)",경기용인시,마준소프트(주)
https://www.saramin.co.kr/zf_user/jobs/relay/view?isMypage=no&rec_idx=48401346,AI 소프트웨어 백엔드 개발자 신입/경력 채,서울강남구,텐배거소프트
https://www.saramin.co.kr/zf_user/jobs/relay/view?isMypage=no&rec_idx=48268010,[트랜스코스모스/여의도] 당사 CX개발4부 개발자 채용 Mp7B,서울영등포구,(주)트랜스코스모스코리아
https://www.saramin.co.kr/zf_user/jobs/relay/view?isMypage=no&rec_idx=48381341,"2024년 동덕여자대학교 계약직(IT분야,국제교류) 신규 행정직원 모집 안내",서울성북구,동덕여자대학교
https://www.saramin.co.kr/zf_user/jobs/relay/view?isMypage=no&rec_idx=48266164,[트랜스코스모스/여의도] 당사 CX개발1부 개발 담당자 MKr2,서울영등포구,(주)트랜스코스모스코리아
https://www.saramin.co.kr/zf_user/jobs/relay/view?isMypage=no&rec_idx=48399081,[네이버계열사][NIT Service] NAVER/CLOUD 보안관제,경기성남시 분당구,엔아이티서비스 주식회사
https://www.saramin.co.kr/zf_user/jobs/relay/view?isMypage=no&rec_idx=48396367,[피코소프트] 채용공고 웹프로그래머 (신입/경력),경남양산시,피코소프트
https://www.saramin.co.kr/zf_user/jobs/relay/view?isMypage=no&rec_idx=48406075,Private Cloud QA Engineer,경기성남시 분당구,라인플러스(주)
https://www.saramin.co.kr/zf_user/jobs/relay/view?isMypage=no&rec_idx=48312242,데이터 사이언티스트 (리드) 경력직 채용,서울종로구,(주)하이
https://www.saramin.co.kr/zf_user/jobs/relay/view?isMypage=no&rec_idx=48315717,2024년도 ITCEN 그룹 상시채용 - Application Architect,서울서초구,(주)아이티센
https://www.saramin.co.kr/zf_user/jobs/relay/view?isMypage=no&rec_idx=48255105,지멘스헬시니어스(주)초음파사업부-Technician,경북포항시 남구,지멘스헬시니어스(주)
https://www.saramin.co.kr/zf_user/jobs/relay/view?isMypage=no&rec_idx=48374734,[헥토] Transformer기반 모델 활용한 AI 개발자,서울강남구,(주)헥토
https://www.saramin.co.kr/zf_user/jobs/relay/view?isMypage=no&rec_idx=47669642,Network Engineer 채용,서울강남구,현대오토에버(주)
https://www.saramin.co.kr/zf_user/jobs/relay/view?isMypage=no&rec_idx=48259564,[E9pay] 웹/백엔드 개발자 채용 (핀테크 시스템),서울관악구,(주)이나인페이
https://www.saramin.co.kr/zf_user/jobs/relay/view?isMypage=no&rec_idx=48247074,PM(프로젝트매니저),서울강남구,(주)케이엠에스테크놀로지
https://www.saramin.co.kr/zf_user/jobs/relay/view?isMypage=no&rec_idx=48388332,네이버 자동 로그인 프로그램 제작할 개발자 모집,서울구로구,인트로마케팅
https://www.saramin.co.kr/zf_user/jobs/relay/view?isMypage=no&rec_idx=48339856,[ISTQB 교육/자격시험 지원]SW 테스트 엔지니어 모집(각 부문),서울광진구,(주)에스티에이테스팅컨설팅
https://www.saramin.co.kr/zf_user/jobs/relay/view?isMypage=no&rec_idx=48197428,[최고대우] Front 및 Backend 개발자 모집,부산부산진구,주식회사 바이트사이즈
https://www.saramin.co.kr/zf_user/jobs/relay/view?isMypage=no&rec_idx=48315527,"연구소 개발자 채용 (학사이상, 석사이상)",서울구로구,아몽솔루션(주)
https://www.saramin.co.kr/zf_user/jobs/relay/view?isMypage=no&rec_idx=48401508,"피에이치에이 (구, 평화정공) 수원연구소 수시 채용",경기수원시 영통구,피에이치에이(주)
https://www.saramin.co.kr/zf_user/jobs/relay/view?isMypage=no&rec_idx=48411196,[피코소프트] 채용공고 FLUTTER 앱개발자 (신입/경력),경남양산시,피코소프트
https://www.saramin.co.kr/zf_user/jobs/relay/view?isMypage=no&rec_idx=48276336,(주)유니컴퍼니 기업부설연구소 R&D 및 개발 신입 연구원 채용,광주북구,(주)유니컴퍼니
https://www.saramin.co.kr/zf_user/jobs/relay/view?isMypage=no&rec_idx=48351995,[Back-End] 개발자 채용 모집,서울전체,(주)미니레코드
https://www.saramin.co.kr/zf_user/jobs/relay/view?isMypage=no&rec_idx=48366161,인공지능(AI)·빅데이터 개발부(이미지 처리) docker 사용 필수,서울영등포구,(주)이지에이아이
https://www.saramin.co.kr/zf_user/jobs/relay/view?isMypage=no&rec_idx=48051600,[경력] 시계열 데이터 엔지니어 및 데이터 분석가,서울서초구,쓰리알이노베이션(주)
https://www.saramin.co.kr/zf_user/jobs/relay/view?isMypage=no&rec_idx=48351988,[미니레코드] AI 엔지니어(NLP/LLM),서울전체,(주)미니레코드
https://www.saramin.co.kr/zf_user/jobs/relay/view?isMypage=no&rec_idx=48123584,[EBIT] AI Trainer - Python 개발자 채용 (재택근무 / 파트타임),서울강남구,주식회사 이빗
https://www.saramin.co.kr/zf_user/jobs/relay/view?isMypage=no&rec_idx=48272541,국내 광고 포털 유지 보수 및 신규 서비스 개발 (Python),서울강남구,(주)애드크림
https://www.saramin.co.kr/zf_user/jobs/relay/view?isMypage=no&rec_idx=48361551,소프트웨어 개발 (Java&Python) 신입 및 경력 모집,서울강남구,마인드원(주)
https://www.saramin.co.kr/zf_user/jobs/relay/view?isMypage=no&rec_idx=48267749,"[연구소] 마케팅 솔루션 개발 경력 채용 (Java, Python)",서울금천구,(주)트리플하이엠
https://www.saramin.co.kr/zf_user/jobs/relay/view?isMypage=no&rec_idx=48346510,"PHP/Python 개발자, 디자이너, 퍼블리셔, 기획자 신입/경력",서울강남구,(주)에스아이알소프트
https://www.saramin.co.kr/zf_user/jobs/relay/view?isMypage=no&rec_idx=48375250,"Python개발자 채용(신입, 경력)",인천연수구,에이치에스소프트(주)
https://www.saramin.co.kr/zf_user/jobs/relay/view?isMypage=no&rec_idx=48374045,[S/W] [ 정규직 신입 ] C/C#/Java/ Python 백엔드 개발자 모집,서울서초구,(주)엑스비젼씨큐리티시스템
https://www.saramin.co.kr/zf_user/jobs/relay/view?isMypage=no&rec_idx=48297822,"[패스오더] 백엔드 개발자(Python, MSA)",서울강남구,(주)페이타랩
https://www.saramin.co.kr/zf_user/jobs/relay/view?isMypage=no&rec_idx=48204052,머신비전 인공지능 개발자 모집 (Python),서울구로구,(주)리안
https://www.saramin.co.kr/zf_user/jobs/relay/view?isMypage=no&rec_idx=48375272,[백엔드 개발자] Python Nodejs AWS 신입/경력,부산남구,(주)오키씨
https://www.saramin.co.kr/zf_user/jobs/relay/view?isMypage=no&rec_idx=48402687,백엔드 엔지니어 (Python) 채용,서울강남구,(주)엘리스
https://www.saramin.co.kr/zf_user/jobs/relay/view?isMypage=no&rec_idx=48405099,파이썬(Python) 프로그램 개발자 모십니다,서울강남구,(주)케이엘피
https://www.saramin.co.kr/zf_user/jobs/relay/view?isMypage=no&rec_idx=48297833,"[패스오더] 백엔드 개발자 (Python, MSA) (병역특례/산업기능요원/보충역/전직)",서울강남구,(주)페이타랩
https://www.saramin.co.kr/zf_user/jobs/relay/view?isMypage=no&rec_idx=48405086,파이썬(Python) 백엔드 개발자 모십니다,서울강남구,(주)케이엘피
https://www.saramin.co.kr/zf_user/jobs/relay/view?isMypage=no&rec_idx=48066863,[가산동/주5일] 명품이커머스/ python 백엔드 주니어 개발자 채,서울금천구,(주)비씨디코퍼레이션
https://www.saramin.co.kr/zf_user/jobs/relay/view?isMypage=no&rec_idx=48201360,기획연구 및 python 활용 빅데이터 분석,서울강서구,지씨에스솔루션(주)
https://www.saramin.co.kr/zf_user/jobs/relay/view?isMypage=no&rec_idx=48286694,[재택근무] REACT · PHP · PYTHON 개발자 채용,서울양천구,행복쇼핑(주)
https://www.saramin.co.kr/zf_user/jobs/relay/view?isMypage=no&rec_idx=48365741,"[정규직] 차량제어시스템 개발(C, Python, CAN통신)",경기안양시 동안구,(주)오토노머스에이투지
https://www.saramin.co.kr/zf_user/jobs/relay/view?isMypage=no&rec_idx=48095047,[AI] Python JAVA 머신러닝 개발자 모집,대전유성구,(주)아이와즈
https://www.saramin.co.kr/zf_user/jobs/relay/view?isMypage=no&rec_idx=48252764,"프로그래밍(JAVA, Python) / 디자인 / OA / 회계 분야 강사 채용",충북청주시 상당구,(주)한국아이티전문학원
https://www.saramin.co.kr/zf_user/jobs/relay/view?isMypage=no&rec_idx=48147986,특허/상표 데이터 등 분석(Python) 및 사업 기획 모집,서울강남구,(주)마크클라우드
https://www.saramin.co.kr/zf_user/jobs/relay/view?isMypage=no&rec_idx=48373815,[새움소프트] AI 서비스 백엔드 개발자 채용 (Python),경기안양시 만안구,(주)새움소프트
https://www.saramin.co.kr/zf_user/jobs/relay/view?isMypage=no&rec_idx=48298935,C# / .NET / Python 프로그램 개발자 모집,경기성남시 분당구,라온엑스솔루션즈(주)
https://www.saramin.co.kr/zf_user/jobs/relay/view?isMypage=no&rec_idx=48412711,Python.한국어소스 코드 질의및답변 데이터구축(프로그래밍X,서울강남구,에스휴먼(주)
https://www.saramin.co.kr/zf_user/jobs/relay/view?isMypage=no&rec_idx=48371108,"[IT개발] Java, Python 개발 인력 채용",서울송파구,(주)오픈링크시스템
https://www.saramin.co.kr/zf_user/jobs/relay/view?isMypage=no&rec_idx=48141997,"백엔드 개발자 (Python, Django)",서울강남구,(주)솔루션퀀트
https://www.saramin.co.kr/zf_user/jobs/relay/view?isMypage=no&rec_idx=48404477,Backend Junior Engineer (PHP / Python),서울강남구,(주)코비그룹
https://www.saramin.co.kr/zf_user/jobs/relay/view?isMypage=no&rec_idx=48317188,python 경력자,대구수성구,(주)해피에듀테크
https://www.saramin.co.kr/zf_user/jobs/relay/view?isMypage=no&rec_idx=48393234,python 개발자 모집,경기성남시 수정구,(주)비타
https://www.saramin.co.kr/zf_user/jobs/relay/view?isMypage=no&rec_idx=48025474,"소프트웨어 개발자(C#, Python) 모집공고",대전유성구,(주)하백소프트
https://www.saramin.co.kr/zf_user/jobs/relay/view?isMypage=no&rec_idx=48007574,데이터 스크래핑/API연동 개발자 (Python),서울강남구,서클플랫폼(주)
https://www.saramin.co.kr/zf_user/jobs/relay/view?isMypage=no&rec_idx=48295597,"글로벌결제서비스 백엔드 개발팀 대리,과장급 (Python, Django)",대구수성구,(주)기가스
https://www.saramin.co.kr/zf_user/jobs/relay/view?isMypage=no&rec_idx=48378509,[퓨렌스] JAVA / Python 개발자 채용 (일본어 능통자),서울금천구,퓨렌스(주)
https://www.saramin.co.kr/zf_user/jobs/relay/view?isMypage=no&rec_idx=47812963,APP 개발(Python) 경력직 모집,서울전체,(주)이노룰스
https://www.saramin.co.kr/zf_user/jobs/relay/view?isMypage=no&rec_idx=48417198,"Python, React 웹개발자(경력 5년 이상)",서울전체,(주)이노룰스
https://www.saramin.co.kr/zf_user/jobs/relay/view?isMypage=no&rec_idx=48284654,[인텔리전스랩스] 선행프로덕트팀 백엔드 개발자 (Python/Go),경기성남시 분당구,(주)넥슨코리아
https://www.saramin.co.kr/zf_user/jobs/relay/view?isMypage=no&rec_idx=48221622,"머신비전 개발자 , C/C++/C#, OpenCV, MIL, PYTHON, 딥러닝, AI",경기용인시 기흥구,(주)핸디비전
https://www.saramin.co.kr/zf_user/jobs/relay/view?isMypage=no&rec_idx=48095071,"[AI] Python JAVA 머신러닝 개발자 모집(석,박사 모집)",대전유성구,(주)아이와즈
https://www.saramin.co.kr/zf_user/jobs/relay/view?isMypage=no&rec_idx=48392457,Python 개발 연구원 채용,서울강남구,(주)엑스오비스
https://www.saramin.co.kr/zf_user/jobs/relay/view?isMypage=no&rec_idx=48405419,[(주)씨이랩] Omniverse/Python 개발자 모집 (계약직),서울강남구,(주)씨이랩
https://www.saramin.co.kr/zf_user/jobs/relay/view?isMypage=no&rec_idx=48022222,[쿠팡] Business Analyst (비즈니스 데이터 분석) 경력자,서울송파구,쿠팡(주)
https://www.saramin.co.kr/zf_user/jobs/relay/view?isMypage=no&rec_idx=48415314,[신입/경력] AI Developer 팀원 채용,경기고양시 일산서구,(주)알에스엔
https://www.saramin.co.kr/zf_user/jobs/relay/view?isMypage=no&rec_idx=48308117,[원익IPS] 반도체장비 설계 엔지니어 인재풀 공고,경기평택시,(주)원익아이피에스
https://www.saramin.co.kr/zf_user/jobs/relay/view?isMypage=no&rec_idx=48138011,[쿠팡] 쿠팡플레이 미디어 자동화 소프트웨어 엔지니어 (경력),서울송파구,쿠팡(주)
https://www.saramin.co.kr/zf_user/jobs/relay/view?isMypage=no&rec_idx=48207519,[네오플] 게임그래픽 직군 분야별 모집,제주제주시,(주)네오플
https://www.saramin.co.kr/zf_user/jobs/relay/view?isMypage=no&rec_idx=48207526,[네오플] 프로그래밍/기술지원 직군 분야별 모집,제주제주시,(주)네오플
https://www.saramin.co.kr/zf_user/jobs/relay/view?isMypage=no&rec_idx=48307766,"Staff, Application Management Engineer (Global Applications)",서울강남구,쿠팡(주)
https://www.saramin.co.kr/zf_user/jobs/relay/view?isMypage=no&rec_idx=48405016,(주)프라코 신입·경력직 모집 (재경팀),경기화성시,(주)프라코
https://www.saramin.co.kr/zf_user/jobs/relay/view?isMypage=no&rec_idx=48416829,[알라딘] 빌링 서비스 백엔드 개발자,서울중구,(주)알라딘커뮤니케이션
https://www.saramin.co.kr/zf_user/jobs/relay/view?isMypage=no&rec_idx=48325846,[쿠팡이츠서비스] Price 전략/기획 담당자 (경력),서울강남구,쿠팡(주)
https://www.saramin.co.kr/zf_user/jobs/relay/view?isMypage=no&rec_idx=48406631,[주식회사 테크로스] 2024년 각 부문별 신입/경력 사원 채용,부산강서구,(주)테크로스
https://www.saramin.co.kr/zf_user/jobs/relay/view?isMypage=no&rec_idx=48338751,[DB하이텍 & DB글로벌칩] 경력사원 공개채용 (6월),경기부천시,(주)DB하이텍
https://www.saramin.co.kr/zf_user/jobs/relay/view?isMypage=no&rec_idx=48408964,디지털 퍼포먼스 마케팅(AE) 경력 채용,서울구로구,(주)이엠넷
https://www.saramin.co.kr/zf_user/jobs/relay/view?isMypage=no&rec_idx=48401007,[중견IT기업] LLM 개발자 채용(신입/경력),서울송파구,(주)진인프라
https://www.saramin.co.kr/zf_user/jobs/relay/view?isMypage=no&rec_idx=48397520,시너스텍(주) S/W팀 수시채용,경기과천시,시너스텍(주)
https://www.saramin.co.kr/zf_user/jobs/relay/view?isMypage=no&rec_idx=48048993,데이터엔지니어 / 빅데이터 서비스 개발,강원춘천시,(주)더존비즈온
https://www.saramin.co.kr/zf_user/jobs/relay/view?isMypage=no&rec_idx=48408854,웹 개발자 채용,경기수원시 영통구,파크시스템스(주)
https://www.saramin.co.kr/zf_user/jobs/relay/view?isMypage=no&rec_idx=48380438,반도체 Auto P&R Engineer,충북청주시 청원구,어보브반도체(주)
https://www.saramin.co.kr/zf_user/jobs/relay/view?isMypage=no&rec_idx=48094829,[넛지헬스케어] 데이터분석가 - 석사/박사,서울강남구,넛지헬스케어(주)
https://www.saramin.co.kr/zf_user/jobs/relay/view?isMypage=no&rec_idx=48192363,(주)네패스 IT직무 대규모 수시채용 공고,충북청주시 청원구,(주)네패스
https://www.saramin.co.kr/zf_user/jobs/relay/view?isMypage=no&rec_idx=48368669,"Staff, Back-end Engineer (IT Innovation)",서울강남구,쿠팡(주)
https://www.saramin.co.kr/zf_user/jobs/relay/view?isMypage=no&rec_idx=48349375,[MUJI-무인양품] 시스템 아키텍처 운영 담당자 모집,서울서대문구,무인양품(주)
https://www.saramin.co.kr/zf_user/jobs/relay/view?isMypage=no&rec_idx=48278765,혁신신약연구센터 AI신약설계팀 팀원,서울강남구,(주)샤페론
https://www.saramin.co.kr/zf_user/jobs/relay/view?isMypage=no&rec_idx=48171998,[커넥트웨이브] 플레이오토 각 부문별 수시채용(신입/경력),서울구로구,(주)커넥트웨이브
https://www.saramin.co.kr/zf_user/jobs/relay/view?isMypage=no&rec_idx=48240423,[아이나비시스템즈] GIS DB 및 컨텐츠(POI) 구축 담당,경기성남시 분당구,(주)아이나비시스템즈
https://www.saramin.co.kr/zf_user/jobs/relay/view?isMypage=no&rec_idx=48384789,[쿠팡] 쿠팡플레이 QA 엔지니어 (경력),서울송파구,쿠팡(주)
https://www.saramin.co.kr/zf_user/jobs/relay/view?isMypage=no&rec_idx=48298595,"[Ericsson-LG Enterprise] SW Developer (신입, Cloud Platform)",서울금천구,에릭슨엘지(주)
https://www.saramin.co.kr/zf_user/jobs/relay/view?isMypage=no&rec_idx=48400966,[알바천국] 웹개발자 정규직 모집,서울강남구,(주)미디어윌네트웍스
https://www.saramin.co.kr/zf_user/jobs/relay/view?isMypage=no&rec_idx=48265097,S/W개발 신입 및 경력직원 채용,경기전체,(주)인텍에프에이
https://www.saramin.co.kr/zf_user/jobs/relay/view?isMypage=no&rec_idx=48251045,"2024 (주)샌즈랩 제품사업부(시스템백엔드, DBA) 모집",경기과천시,(주)샌즈랩
https://www.saramin.co.kr/zf_user/jobs/relay/view?isMypage=no&rec_idx=48400475,"CNCITY에너지 AI솔루션(데이터분석가, AI플랫폼 엔지니어) 채용",대전중구,씨엔씨티에너지(주)
https://www.saramin.co.kr/zf_user/jobs/relay/view?isMypage=no&rec_idx=48395364,[쿠팡이츠서비스] Price 전략/기획 담당자 (신입),서울강남구,쿠팡(주)
https://www.saramin.co.kr/zf_user/jobs/relay/view?isMypage=no&rec_idx=48385242,[AI 기술 개발] 부문 신입/경력 채용 (전문연구요원 채용 가능),경기성남시 분당구,(주)파인디지털
https://www.saramin.co.kr/zf_user/jobs/relay/view?isMypage=no&rec_idx=48413687,국립암센터 인공지능사업팀 과제연구원(학사 이상) 채용,경기고양시 일산동구,국립암센터
https://www.saramin.co.kr/zf_user/jobs/relay/view?isMypage=no&rec_idx=48300816,[코스닥 상장] 모니터랩 AI 개발자 채용,서울구로구,㈜모니터랩
https://www.saramin.co.kr/zf_user/jobs/relay/view?isMypage=no&rec_idx=48170923,[(주)에스에이치엘] 기획본부 신입/경력 정규직 채용,경기하남시,(주)SHL
https://www.saramin.co.kr/zf_user/jobs/relay/view?isMypage=no&rec_idx=48274927,생물정보분석(Bioinformatics) 직원 채용(신입/경력),서울강서구,(주)디엔에이링크
https://www.saramin.co.kr/zf_user/jobs/relay/view?isMypage=no&rec_idx=48369827,IT Infra팀 인프라 엔지니어 모집 (경력 3년 이하),서울강남구,(주)콩스튜디오코리아
https://www.saramin.co.kr/zf_user/jobs/relay/view?isMypage=no&rec_idx=48353832,Software Engineer 신입/경력(4년 이상) 채용,경기성남시 분당구,어플라이드머티어리얼즈코리아(주)
https://www.saramin.co.kr/zf_user/jobs/relay/view?isMypage=no&rec_idx=48416394,[아프리카TV] 디자인 엔지니어,경기성남시 분당구,(주)숲
https://www.saramin.co.kr/zf_user/jobs/relay/view?isMypage=no&rec_idx=48311249,2024년 6월 국내 및 해외 전부문 수시 채용,충남천안시 동남구,(주)엔켐
https://www.saramin.co.kr/zf_user/jobs/relay/view?isMypage=no&rec_idx=48142094,전 부문 채용,경기성남시 분당구,(주)원익로보틱스
https://www.saramin.co.kr/zf_user/jobs/relay/view?isMypage=no&rec_idx=48380151,SONY 반도체 각 부문 신입/경력 모집,서울중구,소니세미컨덕터솔루션코리아(주)
https://www.saramin.co.kr/zf_user/jobs/relay/view?isMypage=no&rec_idx=48408898,[캐시워크] 데이터분석 담당 채용전환형 인턴,서울강남구,넛지헬스케어(주)
https://www.saramin.co.kr/zf_user/jobs/relay/view?isMypage=no&rec_idx=48293934,"[앤씨앤/넥스트칩] 2024년 6월 연구소, 영업마케팅 각 부문 모집",경기성남시 분당구,(주)앤씨앤
https://www.saramin.co.kr/zf_user/jobs/relay/view?isMypage=no&rec_idx=48407090,2024년 코오롱그룹 6월 정기공채,경기과천시,(주)코오롱
https://www.saramin.co.kr/zf_user/jobs/relay/view?isMypage=no&rec_idx=48328917,각 부문별 신입 및 경력 채용,경기화성시,다스코리아(주)
https://www.saramin.co.kr/zf_user/jobs/relay/view?isMypage=no&rec_idx=48328965,(주)리파인 각 부문별 신입/경력 채용공고,서울강남구,(주)리파인
https://www.saramin.co.kr/zf_user/jobs/relay/view?isMypage=no&rec_idx=48385097,2024년 IBK시스템 경력사원 채용,서울중구,(주)아이비케이시스템
https://www.saramin.co.kr/zf_user/jobs/relay/view?isMypage=no&rec_idx=48364668,공정기술/생산관리 경력(대리-과장급) 모집,충남천안시 서북구,에드워드코리아(주)
https://www.saramin.co.kr/zf_user/jobs/relay/view?isMypage=no&rec_idx=48245815,닛산케미칼 한국공장 반도체/디스플레이 각부문 사원 채용,경기평택시,엔씨케이 주식회사
https://www.saramin.co.kr/zf_user/jobs/relay/view?isMypage=no&rec_idx=48232097,2024년 (주)더캐리 IT인력(정보혁신부) 전 부문 공개채용,서울강남구,(주)더캐리
https://www.saramin.co.kr/zf_user/jobs/relay/view?isMypage=no&rec_idx=48342179,헥토이노베이션 직군별 인재 모집,서울강남구,(주)헥토이노베이션
https://www.saramin.co.kr/zf_user/jobs/relay/view?isMypage=no&rec_idx=47883438,㈜푸드테크 상반기 신입/경력 전부문 채용,서울강남구,(주)푸드테크
https://www.saramin.co.kr/zf_user/jobs/relay/view?isMypage=no&rec_idx=48153149,현대위아 경력사원 상시채용,경기의왕시,현대위아(주)
https://www.saramin.co.kr/zf_user/jobs/relay/view?isMypage=no&rec_idx=48338446,[제4이동통신사] Stage X 경력직 대규모 수시채용,경기성남시,주식회사 스테이지엑스
https://www.saramin.co.kr/zf_user/jobs/relay/view?isMypage=no&rec_idx=48339911,[사세확장] 각 부서별 정규직 채용,경기김포시,(주)인투알
https://www.saramin.co.kr/zf_user/jobs/relay/view?isMypage=no&rec_idx=48399352,에이엠㈜ 신입/경력 채용 모집,경기과천시,에이엠(주)
https://www.saramin.co.kr/zf_user/jobs/relay/view?isMypage=no&rec_idx=48314742,2024년 6월 NE능률 신입 및 경력(수시) 채용,서울마포구,(주)NE능률
https://www.saramin.co.kr/zf_user/jobs/relay/view?isMypage=no&rec_idx=48375554,[커넥트웨이브] 다나와 각 부문별 수시채용 (신입/경력),서울양천구,(주)커넥트웨이브
https://www.saramin.co.kr/zf_user/jobs/relay/view?isMypage=no&rec_idx=47740524,[kt ds] 2024년 각 부문별 경력사원 상시채용,서울서초구,(주)케이티디에스
https://www.saramin.co.kr/zf_user/jobs/relay/view?isMypage=no&rec_idx=48314598,서울대학교병원 생체신호 데이터분석/머신러닝 연구원 모집,서울종로구,서울대학교병원
https://www.saramin.co.kr/zf_user/jobs/relay/view?isMypage=no&rec_idx=47389370,2024년 대양전기공업㈜ 신입/경력 채용,부산사하구,대양전기공업(주)
https://www.saramin.co.kr/zf_user/jobs/relay/view?isMypage=no&rec_idx=47370206,2024년 상반기 각 부문 신입/경력 상시 채용,서울서초구,(주)코난테크놀로지
https://www.saramin.co.kr/zf_user/jobs/relay/view?isMypage=no&rec_idx=48355658,2024 현대엔지비 각 부문별 신입 및 경력 채용,서울관악구,현대엔지비(주)
https://www.saramin.co.kr/zf_user/jobs/relay/view?isMypage=no&rec_idx=48387995,서울대학교병원 자연어 처리 연구원 채용,서울종로구,서울대학교병원
https://www.saramin.co.kr/zf_user/jobs/relay/view?isMypage=no&rec_idx=48405900,2024년 하반기 어드밴텍케이알㈜ 신입/경력 인재 채용,서울강서구,어드밴텍케이알(주)
https://www.saramin.co.kr/zf_user/jobs/relay/view?isMypage=no&rec_idx=48399514,(주)코드원 S/W 개발자 신입/경력 사원 모집,경기고양시 덕양구,(주)코드원
https://www.saramin.co.kr/zf_user/jobs/relay/view?isMypage=no&rec_idx=48035377,반도체 부문 신입/경력사원 모집,경기화성시,한양디지텍㈜
https://www.saramin.co.kr/zf_user/jobs/relay/view?isMypage=no&rec_idx=48359263,"(주)프라코 화성,아산공장 생산직 채용(신입)",경기화성시,(주)프라코
https://www.saramin.co.kr/zf_user/jobs/relay/view?isMypage=no&rec_idx=48414169,(주)앰진 IT 백엔드 신입·경력 채용공고,서울송파구,(주)앰진
https://www.saramin.co.kr/zf_user/jobs/relay/view?isMypage=no&rec_idx=48352388,[어니컴(주)] 데이터 분석가 신입/경력 모집,서울용산구,어니컴(주)
https://www.saramin.co.kr/zf_user/jobs/relay/view?isMypage=no&rec_idx=48310091,소프트웨어 개발자채용,서울전체,아홉
https://www.saramin.co.kr/zf_user/jobs/relay/view?isMypage=no&rec_idx=48330200,㈜윤성에프앤씨 각분야 신입/경력사원 모집 (PM/R&D/설계/PLC등),경기안성시,(주)윤성에프앤씨
https://www.saramin.co.kr/zf_user/jobs/relay/view?isMypage=no&rec_idx=48373499,[서울 청년 예비인턴] 빅데이터 분석 솔루션 개발자 인턴 모집,서울마포구,(주)씨에스리
https://www.saramin.co.kr/zf_user/jobs/relay/view?isMypage=no&rec_idx=48103965,엔씨소프트 전 부문 수시 채용,경기성남시 분당구,(주)엔씨소프트
https://www.saramin.co.kr/zf_user/jobs/relay/view?isMypage=no&rec_idx=48337705,[인턴십] 데이터 분석가 (정규직 전환형),서울강남구,콘센트릭스서비스코리아(유)
https://www.saramin.co.kr/zf_user/jobs/relay/view?isMypage=no&rec_idx=48343945,백엔드 개발자 (신입),경기전체,(주)비모소프트
https://www.saramin.co.kr/zf_user/jobs/relay/view?isMypage=no&rec_idx=48399154,[웹개발] 백엔드 개발자 신입/경력 정규직 채용,서울서초구,(주)엠앤디
https://www.saramin.co.kr/zf_user/jobs/relay/view?isMypage=no&rec_idx=48238505,(주)네트로 부문별 신입/경력 채용,대구수성구,(주)네트로
https://www.saramin.co.kr/zf_user/jobs/relay/view?isMypage=no&rec_idx=48338572,파이썬 개발자,서울종로구,(주)바이브컴퍼니
https://www.saramin.co.kr/zf_user/jobs/relay/view?isMypage=no&rec_idx=48347623,(주)리만코리아 경력 및 신입 채용 (서울/대구),서울강남구,주식회사 리만코리아
https://www.saramin.co.kr/zf_user/jobs/relay/view?isMypage=no&rec_idx=48284085,[더블유닷에이아이] 파이썬 개발자,서울서초구,(주) 더블유닷에이아이
https://www.saramin.co.kr/zf_user/jobs/relay/view?isMypage=no&rec_idx=48416875,병원 경영 지원서비스 회사 파이썬 개발자 모집,서울동작구,(주)위메진
https://www.saramin.co.kr/zf_user/jobs/relay/view?isMypage=no&rec_idx=48401408,대기업 서비스 스벨트/파이썬 개발자 모십니다.(6개월/연장가능),서울강서구,(주)아이이에이
https://www.saramin.co.kr/zf_user/jobs/relay/view?isMypage=no&rec_idx=48355167,㈜HL홀딩스 2024년 부문별 경력사원 채용,서울송파구,HL홀딩스
https://www.saramin.co.kr/zf_user/jobs/relay/view?isMypage=no&rec_idx=48277574,파이썬 개발자 경력직 채용,서울강서구,(주)위키드스톰
https://www.saramin.co.kr/zf_user/jobs/relay/view?isMypage=no&rec_idx=48254187,"㈜젬백스링크 ＆ ㈜젬백스링크아이 자율주행사업부,IT사업부,해외패션사업부 등 각 본부/부문별 채용",서울영등포구,(주)젬백스링크
https://www.saramin.co.kr/zf_user/jobs/relay/view?isMypage=no&rec_idx=48393240,[데이터분석] 파이썬 백엔드 담당자 채용 공고입니다.,경기성남시 수정구,(주)비타
https://www.saramin.co.kr/zf_user/jobs/relay/view?isMypage=no&rec_idx=48314788,Xion ITS에서 함께 성장할 파이썬 개발자를 모십니다.,서울서초구,주식회사 자이온아이티에스
https://www.saramin.co.kr/zf_user/jobs/relay/view?isMypage=no&rec_idx=48349230,2024년 상반기 키움증권 대졸 신입사원 공개채용,서울영등포구,키움증권(주)
https://www.saramin.co.kr/zf_user/jobs/relay/view?isMypage=no&rec_idx=48343123,파이썬 개발자 과정 강사 채용,경기성남시,(주)세종교육
https://www.saramin.co.kr/zf_user/jobs/relay/view?isMypage=no&rec_idx=48389639,24년 하반기 정규직 공개채용,대구북구,(주)삼주전자
https://www.saramin.co.kr/zf_user/jobs/relay/view?isMypage=no&rec_idx=48405078,2024년 각 부문 신입/경력 채용,서울구로구,(주)에스에스알
https://www.saramin.co.kr/zf_user/jobs/relay/view?isMypage=no&rec_idx=48404241,"IT 프로그래밍, C언어, 파이썬 강사 채용",서울강동구,(주)더블유컴퓨터아트학원천호점
https://www.saramin.co.kr/zf_user/jobs/relay/view?isMypage=no&rec_idx=48336984,SK키파운드리 각 부문별 신입/경력사원 모집,충북청주시 흥덕구,에스케이키파운드리(주)
https://www.saramin.co.kr/zf_user/jobs/relay/view?isMypage=no&rec_idx=48399133,"파이썬 고수, 각 API연동, 노드 가능 개발자",경기성남시 수정구,(주)세라에스
https://www.saramin.co.kr/zf_user/jobs/relay/view?isMypage=no&rec_idx=48212168,2024 신입/경력 공개채용,경기수원시 권선구,(주)래피젠
https://www.saramin.co.kr/zf_user/jobs/relay/view?isMypage=no&rec_idx=48319155,IT프로그래밍 분야 강사님 모집 (파이썬기반 AI과정),서울강남구,브레인웍스주식회사
https://www.saramin.co.kr/zf_user/jobs/relay/view?isMypage=no&rec_idx=48372829,[코스닥 상장사] 하반기 경력사원 대규모 채용,서울강동구,알서포트(주)
https://www.saramin.co.kr/zf_user/jobs/relay/view?isMypage=no&rec_idx=48325580,캐논코리아 각 부문 채용(본사/안산사업소),전북전주시,캐논코리아 주식회사
https://www.saramin.co.kr/zf_user/jobs/relay/view?isMypage=no&rec_idx=48211745,Microsoft 365 Engineer 및 Microsoft Server Engineer 대규모 채용,서울종로구,(주)메타넷티플랫폼
https://www.saramin.co.kr/zf_user/jobs/relay/view?isMypage=no&rec_idx=48233668,"파이썬 개발자 경력 채용 - 정규직, 계약직",서울금천구,소프트랩스
https://www.saramin.co.kr/zf_user/jobs/relay/view?isMypage=no&rec_idx=48361161,IT프로그래밍 분야 강사님 모집 (파이썬기반 데이터분&ChatGPT),서울강남구,브레인웍스주식회사
https://www.saramin.co.kr/zf_user/jobs/relay/view?isMypage=no&rec_idx=48076268,2024년 ㈜티시스아이티 부문별 경력사원 모집,서울중구,주식회사 티시스 아이티
https://www.saramin.co.kr/zf_user/jobs/relay/view?isMypage=no&rec_idx=48406533,㈜마크로젠 각 부문 신입/경력 직원채용,서울강남구,(주)마크로젠
https://www.saramin.co.kr/zf_user/jobs/relay/view?isMypage=no&rec_idx=48368436,쎄트렉아이 방산부문 경력직 채용,대전유성구,(주)쎄트렉아이
https://www.saramin.co.kr/zf_user/jobs/relay/view?isMypage=no&rec_idx=48275377,도미노피자 각 부문(자회사 포함) 공개 채용,서울강남구,청오디피케이(주)
https://www.saramin.co.kr/zf_user/jobs/relay/view?isMypage=no&rec_idx=48278046,파이썬 코딩 강사 채용,전북전주시 덕진구,주식회사디클래스
https://www.saramin.co.kr/zf_user/jobs/relay/view?isMypage=no&rec_idx=48336743,[2024년 하반기] 각 부문별 채용공고,경기성남시,(주)다날
https://www.saramin.co.kr/zf_user/jobs/relay/view?isMypage=no&rec_idx=47803481,㈜위즈코리아/㈜위즈COK '24년 상반기 신입/경력 사원 모집,서울강서구,(주)위즈코리아
https://www.saramin.co.kr/zf_user/jobs/relay/view?isMypage=no&rec_idx=48342112,[주 3일 원격근무] 비상교육 전체직무 상시채용,경기과천시,(주)비상교육
https://www.saramin.co.kr/zf_user/jobs/relay/view?isMypage=no&rec_idx=48279714,"[글로벌유니트에이] 엑셀,파이썬 가능자 채용",서울광진구,주식회사 글로벌유니트에이
https://www.saramin.co.kr/zf_user/jobs/relay/view?isMypage=no&rec_idx=48394818,다우기술 경력•신입 대규모 인재영입,경기성남시 수정구,(주)다우기술
https://www.saramin.co.kr/zf_user/jobs/relay/view?isMypage=no&rec_idx=48378462,2024년 상반기 현대오토에버 신입사원 채용,서울강남구,현대오토에버(주)
https://www.saramin.co.kr/zf_user/jobs/relay/view?isMypage=no&rec_idx=48401718,[웹개발] 개발부-파이썬 웹프레임워크 가능자,서울영등포구,(주)이지에이아이
https://www.saramin.co.kr/zf_user/jobs/relay/view?isMypage=no&rec_idx=48396212,"[HL만도] 2024년 6월 신입/경력 수시채용(판교, 평택, 원주, 익산)",경기평택시,에이치엘만도(주)
https://www.saramin.co.kr/zf_user/jobs/relay/view?isMypage=no&rec_idx=48347389,풀무원 각 부문 경력•신입 모집,서울강남구,(주)풀무원
https://www.saramin.co.kr/zf_user/jobs/relay/view?isMypage=no&rec_idx=48293230,"IT프로그래밍 분야 강사님 모집 (파이썬, AI, 빅데이터, 핀테크)",서울중구,(주)아시아경제
https://www.saramin.co.kr/zf_user/jobs/relay/view?isMypage=no&rec_idx=48337179,2024년 신입 및 경력 채용,경기성남시 분당구,(주)디알텍
https://www.saramin.co.kr/zf_user/jobs/relay/view?isMypage=no&rec_idx=48380570,[서비스개발팀] 카페24 플랫폼 및 비즈니스 솔루션 개발자 모집,서울동작구,카페24(주)
https://www.saramin.co.kr/zf_user/jobs/relay/view?isMypage=no&rec_idx=48142224,웹 솔루션 백엔드 신입 및 경력직 개발자 채용,서울마포구,(주)휴노
https://www.saramin.co.kr/zf_user/jobs/relay/view?isMypage=no&rec_idx=48172014,[MUSINSA] CRM 마케터 (CRM운영파트) 인재 영입,서울성동구,(주)무신사
https://www.saramin.co.kr/zf_user/jobs/relay/view?isMypage=no&rec_idx=48371547,[크레이버] 글로벌 화장품 SKIN1004 글로벌 마케팅 (동남아시아 담당) 인턴 (정규직 전환형) 모집,서울강남구,(주)크레이버코퍼레이션
https://www.saramin.co.kr/zf_user/jobs/relay/view?isMypage=no&rec_idx=48381519,[NC 자회사] ㈜NC ITS 보안관제 및 운영 인력 채용,경기성남시 분당구,(주)엔씨아이티에스
https://www.saramin.co.kr/zf_user/jobs/relay/view?isMypage=no&rec_idx=48371589,[통합인프라팀] 인프라 엔지니어 모집,서울동작구,카페24(주)
https://www.saramin.co.kr/zf_user/jobs/relay/view?isMypage=no&rec_idx=48254848,[신입] 클라이언트/서버/웹 개발자 (보충역 가능),서울서초구,(주)이스트게임즈
https://www.saramin.co.kr/zf_user/jobs/relay/view?isMypage=no&rec_idx=48365345,[코스닥상장사] 클라우드 시스템 엔지니어 채용,서울강동구,알서포트(주)
https://www.saramin.co.kr/zf_user/jobs/relay/view?isMypage=no&rec_idx=48004424,㈜마이크로인피니티 대전사업장 정규직 사원 모집,대전유성구,(주)마이크로인피니티
https://www.saramin.co.kr/zf_user/jobs/relay/view?isMypage=no&rec_idx=48382724,한화시스템 우주연구소 위성분야 경력사원 채용,경기용인시 처인구,한화시스템(주)
https://www.saramin.co.kr/zf_user/jobs/relay/view?isMypage=no&rec_idx=48371639,[통합인프라팀] 플랫폼 개발자 모집,서울동작구,카페24(주)
https://www.saramin.co.kr/zf_user/jobs/relay/view?isMypage=no&rec_idx=48254602,[신입] 시스템 엔지니어/정보 보안 엔지니어,서울서초구,(주)이스트게임즈
https://www.saramin.co.kr/zf_user/jobs/relay/view?isMypage=no&rec_idx=48254835,ESG 솔루션 시스템 설계/개발 경력 상시채용,서울중구,한화시스템(주)
https://www.saramin.co.kr/zf_user/jobs/relay/view?isMypage=no&rec_idx=48043373,서울 개발팀 각 부문별 채용,서울영등포구,주식회사 대륜
https://www.saramin.co.kr/zf_user/jobs/relay/view?isMypage=no&rec_idx=48413644,[의료AI기업]연구분야 모집(의공학/영상기반AI/AI Engineer인턴),서울강남구,뉴로핏(주)
https://www.saramin.co.kr/zf_user/jobs/relay/view?isMypage=no&rec_idx=48251144,++렉스코드 백엔드 개발자 채용++,서울서초구,(주)렉스코드
https://www.saramin.co.kr/zf_user/jobs/relay/view?isMypage=no&rec_idx=48135955,ITEASY 시스템 개발팀 신입&경력 채용,서울서초구,(주)아이티이지
https://www.saramin.co.kr/zf_user/jobs/relay/view?isMypage=no&rec_idx=48324494,컴퓨터 비전 기반 딥러닝 인식 Researcher 모집,경기전체,(주)앤씨앤
https://www.saramin.co.kr/zf_user/jobs/relay/view?isMypage=no&rec_idx=48330044,AI 프로젝트 기획 및 개발자,경기전체,(주)서플러스글로벌
https://www.saramin.co.kr/zf_user/jobs/relay/view?isMypage=no&rec_idx=48233191,(주) 더블티 개발자/비서/홍보 부문 신입/경력사원 채용,경기수원시 권선구,(주)더블티
https://www.saramin.co.kr/zf_user/jobs/relay/view?isMypage=no&rec_idx=48346231,2024년 ㈜세오 분야별 신입/경력사원 모집,경기안양시 동안구,(주)세오
https://www.saramin.co.kr/zf_user/jobs/relay/view?isMypage=no&rec_idx=48252554,"[중견기업/IT계열] 데이터플랫폼, DBMS 엔지니어 채용",서울강남구,(주)데이타솔루션
https://www.saramin.co.kr/zf_user/jobs/relay/view?isMypage=no&rec_idx=48024172,(주)덱스터스튜디오 VP본부 채용,서울마포구,(주)덱스터스튜디오
https://www.saramin.co.kr/zf_user/jobs/relay/view?isMypage=no&rec_idx=48284264,"[하나텍시스템] 기업부설연구소(R&D팀, 개발팀, AI팀) 채용",경기광명시,(주)하나텍시스템
https://www.saramin.co.kr/zf_user/jobs/relay/view?isMypage=no&rec_idx=48390329,[발산역] ADAS/자율주행 테스트 엔지니어 채용(경력무관),서울강서구,(주)이노시뮬레이션
https://www.saramin.co.kr/zf_user/jobs/relay/view?isMypage=no&rec_idx=48329659,머신러닝 개발자 채용 (DL/ML 기반 데이터 분석),서울용산구,(주)띵스파이어
https://www.saramin.co.kr/zf_user/jobs/relay/view?isMypage=no&rec_idx=48389939,백엔드 개발자 채용,서울강남구,(주)씨유박스
https://www.saramin.co.kr/zf_user/jobs/relay/view?isMypage=no&rec_idx=48262615,의료빅데이터분석·소프트웨어개발 연구원(데이터 사이언티스트),경기성남시 분당구,분당서울대학교병원
https://www.saramin.co.kr/zf_user/jobs/relay/view?isMypage=no&rec_idx=48322430,[딜로이트 컨설팅] 24년 상반기 각 부문별 컨설턴트 경력직 채용,서울영등포구,딜로이트컨설팅(유)
https://www.saramin.co.kr/zf_user/jobs/relay/view?isMypage=no&rec_idx=48398823,[NexonCompany] window application 개발 엔지니어/데이터엔지니어 신입·경력 인재 모집,경기성남시 분당구,(주)엔미디어플랫폼
https://www.saramin.co.kr/zf_user/jobs/relay/view?isMypage=no&rec_idx=48192701,"현대자동차 협력사 (주)마바산업 신입/경력(엔지니어, 디자인외)",서울강남구,(주)마바산업
https://www.saramin.co.kr/zf_user/jobs/relay/view?isMypage=no&rec_idx=48330212,[크레이버] 글로벌 화장품 B2B/B2C 플랫폼 UMMA 인플루언서 마케팅 인턴 모집,서울강남구,(주)크레이버코퍼레이션
https://www.saramin.co.kr/zf_user/jobs/relay/view?isMypage=no&rec_idx=48368047,(주)지아이텍 연구소 선행기술개발팀/생산팀(열처리) 채용,충남아산시,(주)지아이텍
https://www.saramin.co.kr/zf_user/jobs/relay/view?isMypage=no&rec_idx=48404739,컨설팅부문 Digital팀 단기인턴,서울영등포구,한영회계법인
https://www.saramin.co.kr/zf_user/jobs/relay/view?isMypage=no&rec_idx=48373748,인프라보안 엔지니어 - 시스템 인프라 / Endpoint 보안 운영,경기성남시 분당구,(주)카카오페이
https://www.saramin.co.kr/zf_user/jobs/relay/view?isMypage=no&rec_idx=48313336,[면접비 지급] AI기반 머신비전 연구개발자(전문연구요원 가능),경기화성시,(주)트윔
https://www.saramin.co.kr/zf_user/jobs/relay/view?isMypage=no&rec_idx=48403383,AI 서비스 개발,경기전체,(주)다우기술
https://www.saramin.co.kr/zf_user/jobs/relay/view?isMypage=no&rec_idx=48057676,[뉴로메카] 제품개발(SW)담당자 채용,서울성동구,(주)뉴로메카
https://www.saramin.co.kr/zf_user/jobs/relay/view?isMypage=no&rec_idx=48399307,해양 수치모델링 및 데이터 분석 업무 신입 및 경력 채용,서울금천구,(주)오션그래픽
https://www.saramin.co.kr/zf_user/jobs/relay/view?isMypage=no&rec_idx=48370752,[정규직/점유율 1위/워라벨/기숙사] S/W 개발 경력 채용,강원원주시,(주)사람인에이치에스
https://www.saramin.co.kr/zf_user/jobs/relay/view?isMypage=no&rec_idx=48416189,신성통상(주) 경영기획실 데이터전략팀 신입/경력 채용,서울강동구,신성통상(주)
https://www.saramin.co.kr/zf_user/jobs/relay/view?isMypage=no&rec_idx=48396186,2024년 상반기 채용 공고 (SW엔지니어) - 대구,대구달성군,(주)소네트
https://www.saramin.co.kr/zf_user/jobs/relay/view?isMypage=no&rec_idx=48290168,eDiscovery Project Engineer(PE)/ Data Analyst 인턴채용,서울강남구,인텔렉추얼데이터(주)
https://www.saramin.co.kr/zf_user/jobs/relay/view?isMypage=no&rec_idx=48223055,[SW] 프론트엔드 개발자 인턴 채용 (React.js),서울강남구,(주)코딧
https://www.saramin.co.kr/zf_user/jobs/relay/view?isMypage=no&rec_idx=48355794,AI 아바타 서비스 Backend & Network 개발자 모집,서울서초구,(주)브이다임
https://www.saramin.co.kr/zf_user/jobs/relay/view?isMypage=no&rec_idx=48299480,[퍼즐데이터] 데이터분석가 채용(경력),서울강남구,(주)퍼즐데이터
https://www.saramin.co.kr/zf_user/jobs/relay/view?isMypage=no&rec_idx=48386175,[마이셀] 배양물관리분석 연구 개발 경력 채용,경기용인시 기흥구,(주)마이셀
https://www.saramin.co.kr/zf_user/jobs/relay/view?isMypage=no&rec_idx=48410960,SOC RTL Design/Verification Enginer,경기성남시 분당구,(주)보스반도체
https://www.saramin.co.kr/zf_user/jobs/relay/view?isMypage=no&rec_idx=48295858,[서울] SW 설계 및 개발,서울전체,(주)인터엑스
https://www.saramin.co.kr/zf_user/jobs/relay/view?isMypage=no&rec_idx=48348522,"Spring Boot, Node.js 백엔드 개발자",경기전체,씨케이스택(주)
https://www.saramin.co.kr/zf_user/jobs/relay/view?isMypage=no&rec_idx=48382979,[신입/경력] 소프트웨어 개발 관리 담당자 모집 (서울),서울강서구,(주)건우솔루션
https://www.saramin.co.kr/zf_user/jobs/relay/view?isMypage=no&rec_idx=48144151,[MF] 마케팅본부 팀원(데이터 분석) 채용 공고,서울마포구,미스터리프렌즈
https://www.saramin.co.kr/zf_user/jobs/relay/view?isMypage=no&rec_idx=48274758,임상데이터솔루션 스타트업 - DS (Data Scientist),서울송파구,(주)트라이얼인포매틱스
https://www.saramin.co.kr/zf_user/jobs/relay/view?isMypage=no&rec_idx=48334577,(주)필드큐어 의료기기 하드웨어 채용공고 (과장~차장),서울성북구,(주)필드큐어
https://www.saramin.co.kr/zf_user/jobs/relay/view?isMypage=no&rec_idx=48258408,AI 연구원,서울서대문구,(주)엠에이치엔씨티
https://www.saramin.co.kr/zf_user/jobs/relay/view?isMypage=no&rec_idx=48385668,[코스닥 상장사-디어유] Backend개발자 경력 모집,서울강남구,(주)디어유
https://www.saramin.co.kr/zf_user/jobs/relay/view?isMypage=no&rec_idx=47258017,[경기/안산/시흥/인천] 국비지원 교육연수생 모집(취업연수안내),경기안산시 단원구,라인컴퓨터아트학원
https://www.saramin.co.kr/zf_user/jobs/relay/view?isMypage=no&rec_idx=48227563,[헥스콘] 웹플로우 노코드빌더 프로랜서(프로젝트 외부팀원)모집,경남창원시,(주)헥스콘
https://www.saramin.co.kr/zf_user/jobs/relay/view?isMypage=no&rec_idx=48401054,2024년 성심소프트 소프트웨어팀 채용,대전대덕구,(주)성심소프트
https://www.saramin.co.kr/zf_user/jobs/relay/view?isMypage=no&rec_idx=48408191,웹 파트 부문,서울강남구,(주)비바이노베이션
https://www.saramin.co.kr/zf_user/jobs/relay/view?isMypage=no&rec_idx=48395312,바이오 실험 장비 제작 엔지니어 모집,대구서구,(주)제핏
https://www.saramin.co.kr/zf_user/jobs/relay/view?isMypage=no&rec_idx=48397831,(주)블루엠텍 Dev팀 개발자 채용,경기성남시 수정구,(주)블루엠텍
https://www.saramin.co.kr/zf_user/jobs/relay/view?isMypage=no&rec_idx=48403601,"20. DATA Engineer, Data Scientist 채용[글로벌 헬스케어 기업]",서울강남구,베스트네트워크㈜
https://www.saramin.co.kr/zf_user/jobs/relay/view?isMypage=no&rec_idx=48263344,MS 데이터엔지니어(Fabric/ML) 채용,서울강남구,엠클라우드브리지(주)
https://www.saramin.co.kr/zf_user/jobs/relay/view?isMypage=no&rec_idx=48305026,AI(딥러닝) 연구 및 개발,서울성동구,(주)뉴로다임
https://www.saramin.co.kr/zf_user/jobs/relay/view?isMypage=no&rec_idx=48297088,데이터 엔지니어,서울강남구,(주)보이스루
https://www.saramin.co.kr/zf_user/jobs/relay/view?isMypage=no&rec_idx=48126217,[C#] Machine Vision 영상처리 개발자 모집,서울금천구,(주)코눈
https://www.saramin.co.kr/zf_user/jobs/relay/view?isMypage=no&rec_idx=48362878,"F&B 로봇 스타트업 엔지니어 모집 (설계, SW)",경남창원시,(주)로보터블
https://www.saramin.co.kr/zf_user/jobs/relay/view?isMypage=no&rec_idx=48222905,[모빌테크] SLAM & Computer Vision 연구원 모집 (신입/경력),서울서초구,(주)모빌테크
https://www.saramin.co.kr/zf_user/jobs/relay/view?isMypage=no&rec_idx=48394911,빅데이터 기반 AI 분석 시스템 구축 전문가,서울전체,(주)버블콘
https://www.saramin.co.kr/zf_user/jobs/relay/view?isMypage=no&rec_idx=48336586,게임개발 인재모집(메이플스토리 월드 게임개발),서울구로구,(주)해시즈
https://www.saramin.co.kr/zf_user/jobs/relay/view?isMypage=no&rec_idx=48417431,[머니가드서비스] 백엔드 개발자 주니어급 채용,경기전체,머니가드서비스(주)
https://www.saramin.co.kr/zf_user/jobs/relay/view?isMypage=no&rec_idx=48371294,"마케팅/마케터/홍보, 개발자/백엔드개발자 채용 (신입/경력)",부산남구,(주)오키씨
https://www.saramin.co.kr/zf_user/jobs/relay/view?isMypage=no&rec_idx=48263120,데이터 엔지니어,서울강남구,메이븐클라우드서비스(주)
https://www.saramin.co.kr/zf_user/jobs/relay/view?isMypage=no&rec_idx=48386530,양자컴퓨팅 활용 신약개발 연구원 채용(탄력근무제),서울영등포구,(주)퀀텀인텔리전스
https://www.saramin.co.kr/zf_user/jobs/relay/view?isMypage=no&rec_idx=48366929,[전문연구요원] 멀티모달 AI 엔지니어,서울서초구,(주)로민
https://www.saramin.co.kr/zf_user/jobs/relay/view?isMypage=no&rec_idx=48244492,딥러닝 알고리즘 엔지니어(신입),서울강남구,블루닷(주)
https://www.saramin.co.kr/zf_user/jobs/relay/view?isMypage=no&rec_idx=48247192,[대학교 학식예약 야미팀] 개발자 모집,서울마포구,(주)와이콘즈
https://www.saramin.co.kr/zf_user/jobs/relay/view?isMypage=no&rec_idx=48097751,세무 사무원 및 IT 개발자를 채용합니다.,서울강남구,머니랩커뮤니케이션즈 주식회사
https://www.saramin.co.kr/zf_user/jobs/relay/view?isMypage=no&rec_idx=48248152,AITStory 생성형 AI / 합성데이터 / 웹 개발자 채용 (경력무관),서울마포구,에이아이티스토리(주)
https://www.saramin.co.kr/zf_user/jobs/relay/view?isMypage=no&rec_idx=48164265,파이썬 개발자 모집(로봇 사격표적),대전유성구,(주)키네틱스
https://www.saramin.co.kr/zf_user/jobs/relay/view?isMypage=no&rec_idx=48292967,파이썬 (Python) 백엔드 개발자 모집 (경력직),경기화성시,(주)씨피에스테크
https://www.saramin.co.kr/zf_user/jobs/relay/view?isMypage=no&rec_idx=48006435,풀스택 엔지니어(Web/Python/Django),서울마포구,(주)놀이의발견
https://www.saramin.co.kr/zf_user/jobs/relay/view?isMypage=no&rec_idx=48270061,"인프라 플랫폼 웹개발자 채용 (Laravel,Python,VueJs,MongoDB)",서울영등포구,주식회사 다다미디어
https://www.saramin.co.kr/zf_user/jobs/relay/view?isMypage=no&rec_idx=48393219,"게임 데이터분석 담당/SQL, Tableau, Python/세계적인 게임사",경기성남시 분당구,(주)에이치알비즈코리아
https://www.saramin.co.kr/zf_user/jobs/relay/view?isMypage=no&rec_idx=48312642,차량용 S/W Test 자동화 검증(Python),인천서구,(주)링크제니시스
https://www.saramin.co.kr/zf_user/jobs/relay/view?isMypage=no&rec_idx=45931103,"웹개발자(Python, DJango)",서울성동구,리걸테크(주)
https://www.saramin.co.kr/zf_user/jobs/relay/view?isMypage=no&rec_idx=48417508,마스코리아주식회사 Python 시스템개발자 신입 채용,서울강남구,마스코리아(주)
https://www.saramin.co.kr/zf_user/jobs/relay/view?isMypage=no&rec_idx=48364871,Gen AI Python 개발자,서울강남구,콘센트릭스서비스코리아(유)
https://www.saramin.co.kr/zf_user/jobs/relay/view?isMypage=no&rec_idx=48089666,웹개발자 (JAVA PYTHON) 경력 채용,서울금천구,(주)솔브리드플러스
https://www.saramin.co.kr/zf_user/jobs/relay/view?isMypage=no&rec_idx=46846645,"C#, C++, Python, Arduino, Raspberry Pi 개발자",서울전체,(주)아이티로그
https://www.saramin.co.kr/zf_user/jobs/relay/view?isMypage=no&rec_idx=48052894,"SQA/자동화(CAPL, Python) 정규직 채용(신입/경력) - 대전근무",대전유성구,(주)지에스아이오토모티브
https://www.saramin.co.kr/zf_user/jobs/relay/view?isMypage=no&rec_idx=48419109,Python Back-end Engineer,서울강남구,올거나이즈코리아(주)
https://www.saramin.co.kr/zf_user/jobs/relay/view?isMypage=no&rec_idx=48226112,"백엔드 개발자 Node.js, Python/5년 이상",서울강남구,(주)딥세일즈
https://www.saramin.co.kr/zf_user/jobs/relay/view?isMypage=no&rec_idx=48350664,"AI 모델 개발/(Python,TensorFlow, PyTorch 등) - 반도체 대기업",서울강남구,그레이스앤파트너스(주)
https://www.saramin.co.kr/zf_user/jobs/relay/view?isMypage=no&rec_idx=48263667,[(주)에이젠글로벌] Python BackEnd Developer,서울전체,(주)에이젠글로벌
https://www.saramin.co.kr/zf_user/jobs/relay/view?isMypage=no&rec_idx=47728209,"코박(Cobak) 백엔드 개발자 [3년 이상](Python,Django)",경기전체,(주)판도라티비
https://www.saramin.co.kr/zf_user/jobs/relay/view?isMypage=no&rec_idx=45585888,백엔드 개발자 (Python),서울강남구,(주)바로팜
https://www.saramin.co.kr/zf_user/jobs/relay/view?isMypage=no&rec_idx=48413720,반도체 장비의 공정 데이터 분석 시스템 개발자(Python),경기성남시 분당구,(주)두플
https://www.saramin.co.kr/zf_user/jobs/relay/view?isMypage=no&rec_idx=48416949,PYTHON / JSP / DJANGO IT개발·데이터 신입&경력 채용,서울강서구,클립데이터(주)
https://www.saramin.co.kr/zf_user/jobs/relay/view?isMypage=no&rec_idx=47730436,이커머스 솔루션 Python Backend 개발자,서울강남구,(주)샐러드랩
https://www.saramin.co.kr/zf_user/jobs/relay/view?isMypage=no&rec_idx=48153567,Vision/MFC/C# Python Tensorflow CUDA yolo v8 개발직,충남천안시 동남구,화랑
https://www.saramin.co.kr/zf_user/jobs/relay/view?isMypage=no&rec_idx=48233503,임베디드 SW 개발(C/C++/Python/리눅스),서울구로구,(주)델타엑스
https://www.saramin.co.kr/zf_user/jobs/relay/view?isMypage=no&rec_idx=48083445,(전액무료)빅데이터 융합 자바&파이썬 인공지능(AI) 풀스택 개발자 양성과정,서울구로구,지스펙(주)
https://www.saramin.co.kr/zf_user/jobs/relay/view?isMypage=no&rec_idx=48358159,[경력AI 개발] Full stack 개발자/React/Python,서울금천구,(주)데이터트리
https://www.saramin.co.kr/zf_user/jobs/relay/view?isMypage=no&rec_idx=48405305,[상장기업] RF Application Engineer (python가능자) (대리~부장,서울강남구,커리어셀파
https://www.saramin.co.kr/zf_user/jobs/relay/view?isMypage=no&rec_idx=48411311,"[테일크루] 백엔드 개발자(Python, Django) 채용",경기성남시 분당구,(주)테일크루
https://www.saramin.co.kr/zf_user/jobs/relay/view?isMypage=no&rec_idx=48255861,파이썬 개발자 모집,서울동대문구,(주)비전인사이드
https://www.saramin.co.kr/zf_user/jobs/relay/view?isMypage=no&rec_idx=48314543,"프로그램 개발자 모집(Machine Vision, AI(Python), C, C#, C++)",경북포항시 남구,(주)케이텍
https://www.saramin.co.kr/zf_user/jobs/relay/view?isMypage=no&rec_idx=48323476,Python 백엔드 경력자 채용,서울송파구,블록스퀘어서울
https://www.saramin.co.kr/zf_user/jobs/relay/view?isMypage=no&rec_idx=48351983,[주식회사 미니레코드] Python 개발,서울전체,(주)미니레코드
https://www.saramin.co.kr/zf_user/jobs/relay/view?isMypage=no&rec_idx=48244283,(Python/AWS) Back-end 개발 경력 채용,서울금천구,(주)카비
https://www.saramin.co.kr/zf_user/jobs/relay/view?isMypage=no&rec_idx=48394675,Python 개발자,서울전체,(주)버블콘
https://www.saramin.co.kr/zf_user/jobs/relay/view?isMypage=no&rec_idx=48409685,[IT 솔루션 및 통합서비스 전문기업] 파이썬(Python) 개발자,서울강남구,에이치알포유(주)
https://www.saramin.co.kr/zf_user/jobs/relay/view?isMypage=no&rec_idx=48319059,"Python, C++개발",경기화성시,주식회사 핀커스에이치알지
https://www.saramin.co.kr/zf_user/jobs/relay/view?isMypage=no&rec_idx=48295111,[울산] 영상처리 개발자 (Python),울산전체,(주)인터엑스
https://www.saramin.co.kr/zf_user/jobs/relay/view?isMypage=no&rec_idx=48410673,(국내 IT 소프트웨어 개발 전문기업) Python 고급 개발,서울강남구,엘림써치
https://www.saramin.co.kr/zf_user/jobs/relay/view?isMypage=no&rec_idx=47373757,Back-End Engoneer (Python/Django),서울마포구,(주)뮤즈라이브
https://www.saramin.co.kr/zf_user/jobs/relay/view?isMypage=no&rec_idx=48387620,"S/W개발(Python, C++)",경기화성시,주식회사 핀커스에이치알지
https://www.saramin.co.kr/zf_user/jobs/relay/view?isMypage=no&rec_idx=48419348,크롤러 개발 프로젝트 실무 및 교육생 모집(Python),서울서초구,(주)네피리티
